order,title,slug,live_url
1,"Climate Breakdown",climatebreakdown,https://www.apocalypseclock.com/climatebreakdown
2,"Biodiversity Loss",biodiversityloss,https://www.apocalypseclock.com/biodiversityloss
3,"Soil & Food System",soilfoodsystem,https://www.apocalypseclock.com/soilfoodsystem
4,"Freshwater Stress",freshwaterstress,https://www.apocalypseclock.com/freshwaterstress
5,"Ocean Degradation",oceandegradation,https://www.apocalypseclock.com/oceandegradation
6,"Toxic Pollution & PFAS",toxicpollutionpfas,https://www.apocalypseclock.com/toxicpollutionpfas
7,"Pandemic & Biosecurity",pandemicbiosecurity,https://www.apocalypseclock.com/pandemicbiosecurity
8,"Antimicrobial Resistance",antimicrobialresistance,https://www.apocalypseclock.com/antimicrobialresistance
9,"Engineered Biological Event",engineeredbiologicalevent,https://www.apocalypseclock.com/engineeredbiologicalevent
10,"Nuclear Conflict",nuclearconflict,https://www.apocalypseclock.com/nuclearconflict
11,"Energy & Supply Chains",energysupplychains,https://www.apocalypseclock.com/energysupplychains
12,"Geopolitical Escalation",geopoliticalescalation,https://www.apocalypseclock.com/geopoliticalescalation
13,"Global Governance Fragmentation",globalgovernancefragmentation,https://www.apocalypseclock.com/globalgovernancefragmentation
14,"Economic Fracture",economicfracture,https://www.apocalypseclock.com/economicfracture
15,"Debt / Financial Contagion",debtfinancialcontagion,https://www.apocalypseclock.com/debtfinancialcontagion
16,"Mass Displacement",massdisplacement,https://www.apocalypseclock.com/massdisplacement
17,"Authoritarian Drift",authoritariandrift,https://www.apocalypseclock.com/authoritariandrift
18,"Epistemic Breakdown",epistemicbreakdown,https://www.apocalypseclock.com/epistemicbreakdown
19,"Advanced AI Destabilizer",advancedaidestabilizer,https://www.apocalypseclock.com/advancedaidestabilizer
20,"Systemic Cyberattacks",systemiccyberattacks,https://www.apocalypseclock.com/systemiccyberattacks
21,"Autonomous Weapons Escalation",autonomousweaponsescalation,https://www.apocalypseclock.com/autonomousweaponsescalation
22,"Critical Minerals Bottleneck",criticalmineralsbottleneck,https://www.apocalypseclock.com/criticalmineralsbottleneck
23,"Space Infrastructure Disruption",spaceinfrastructuredisruption,https://www.apocalypseclock.com/spaceinfrastructuredisruption
